"","logFC","AveExpr","t","P.Value","adj.P.Val","B"
"FLNA",3.95095185930726,2.12980106281586,5.84185768553959,3.83908669622801e-07,8.59955419955074e-05,6.39978129424703
"POTee",3.05047689076486,1.55755606480302,4.92505713783722,9.60626632927025e-06,0.00107590182887827,3.38357236369128
"TUBB",3.29393199872008,1.6982673327166,4.77738528645925,1.59309138349155e-05,0.00118950823300703,2.91100162113434
"P26038",2.7161047352058,1.46456907161834,4.09864384149182,0.000152221075468944,0.00852438022626084,0.811367398596349
"TUBA1B",2.25072120844267,1.94726573425111,3.90187126918589,0.000285519983457979,0.0127912952589175,0.230022876153266
