"","logFC","AveExpr","t","P.Value","adj.P.Val","B"
"P26038",-2.21077968323628,1.46456907161834,-4.08587205376542,0.000158625757321802,0.0355321696400837,0.753403540341281
