"","logFC","AveExpr","t","P.Value","adj.P.Val","B"
"FLNA",3.95095185930726,2.12980106281586,6.03824912860732,2.30286599572882e-07,5.15841983043256e-05,6.89941065038984
"POTee",3.05047689076486,1.55755606480302,5.13028884938175,5.33005656305346e-06,0.000584365242711782,3.93881351985937
"TUBB",3.29393199872009,1.6982673327166,5.01733764866406,7.82632021488994e-06,0.000584365242711782,3.57754769757179
"P26038",2.7161047352058,1.46456907161834,4.24699042012665,0.00010065499273319,0.00563667959305862,1.18442124102053
"TUBA1B",2.25072120844267,1.94726573425111,3.9092255474425,0.00029420129601166,0.0131802180613224,0.186826788286581
