"","logFC","AveExpr","t","P.Value","adj.P.Val","B"
"P26038",-2.52238497359261,1.29594388763761,-4.53770090547854,3.93095401481552e-05,0.0127815843848129,2.09461719312366
"P06733",-2.11002232494711,1.16215827316113,-4.38076131828183,6.57150868113772e-05,0.0127815843848129,1.63477416280628
