"","logFC","AveExpr","t","P.Value","adj.P.Val","B"
"ACTBL2",3.24453489989936,0.466625960054164,5.57229459352041,1.27184482561072e-06,0.000802534084960367,5.21246073545629
"P06733",-2.19293549634865,1.00307738353785,-4.45445536705663,5.36440225373039e-05,0.0169246891105194,1.82755020721841
